phenotype,rsid,gene,genotype,effect,means,sdev,effect_error
BMI,rs9939609,FTO/rs9939609,TT,0,25.3,1.88,0
BMI,rs9939609,FTO/rs9939609,AT,0.29,25.8,1.95,0.04
BMI,rs9939609,FTO/rs9939609,AA,0.58,26.1,1.08,0.08
BMI,rs6548238,TMEM18/rs6548238,TT,0,25.8,1.16,0
BMI,rs6548238,TMEM18/rs6548238,CT,0.24,25.6,1.59,0.05
BMI,rs6548238,TMEM18/rs6548238,CC,0.48,25.2,1.81,0.1
BMI,rs17782313,MC4R/rs17782313,TT,0,25.6,1.99,0
BMI,rs17782313,MC4R/rs17782313,CT,0.21,25.8,1.51,0.04
BMI,rs17782313,MC4R/rs17782313,CC,0.42,26.2,1.01,0.08
BMI,rs10938397,GNPDA2/rs10938397,AA,0,25.6,1.21,0
BMI,rs10938397,GNPDA2/rs10938397,AG,0.18,25.7,1.62,0.04
BMI,rs10938397,GNPDA2/rs10938397,GG,0.36,26,1.83,0.08
BMI,rs7498665,SH2B1/rs7498665,AA,0,26,1.33,0
BMI,rs7498665,SH2B1/rs7498665,AG,0.17,25.8,1.68,0.04
BMI,rs7498665,SH2B1/rs7498665,GG,0.34,25.4,1.17,0.08
BMI,rs10838738,MTCH2/rs10838738,AA,0,25.5,1.4,0
BMI,rs10838738,MTCH2/rs10838738,AG,0.15,25.8,1.02,0.04
BMI,rs10838738,MTCH2/rs10838738,GG,0.3,25.9,1.08,0.08
BMI,rs11084753,KCTD15/rs11084753,AA,0,25.7,1.2,0
BMI,rs11084753,KCTD15/rs11084753,AG,0.22,25.7,1.82,0.04
BMI,rs11084753,KCTD15/rs11084753,GG,0.44,25.6,1.29,0.08
BMI,rs2815752,NEGR1/rs2815752,GG,0,25.5,1.16,0
BMI,rs2815752,NEGR1/rs2815752,AG,0.15,25.6,1.76,0.04
BMI,rs2815752,NEGR1/rs2815752,AA,0.3,25.9,1.06,0.08
T2D,rs560887,G6PC2/rs560887,TT,0,101.5,9,0
T2D,rs560887,G6PC2/rs560887,CT,0.97,101.5,9,0.32
T2D,rs560887,G6PC2/rs560887,CC,1.94,103,8.8,0.65
T2D,rs10830963,MTNR1B/rs10830963,CC,0,95.4,11.5,0
T2D,rs10830963,MTNR1B/rs10830963,CG,1.09,96.8,11.5,0.48
T2D,rs10830963,MTNR1B/rs10830963,GG,2.18,98.2,11.9,0.97
T2D,rs14607517,GCK/rs14607517,AA,0,92.16,9.8,0
T2D,rs14607517,GCK/rs14607517,AG,1.07,93.06,10.1,0.4
T2D,rs14607517,GCK/rs14607517,GG,2.14,94.14,11.2,0.81
T2D,rs2191349,DGKB/TMEM195,GG,0,91.4,9.5,0
T2D,rs2191349,DGKB/TMEM195,GT,1.06,92.7,10.1,0.32
T2D,rs2191349,DGKB/TMEM195,TT,2.18,92.9,10.1,0.65
T2D,rs780094,GCKR/rs780094,TT,0,91.1,9.2,0
T2D,rs780094,GCKR/rs780094,CT,1.06,92.3,10.1,0.32
T2D,rs780094,GCKR/rs780094,CC,2.12,93.6,10.3,0.65
T2D,rs11708067,ADCY5/rs11708067,GG,0,90.2,9.3,0
T2D,rs11708067,ADCY5/rs11708067,AG,1.12,92.7,10,0.48
T2D,rs11708067,ADCY5/rs11708067,AA,2.24,92.7,10.2,0.97
T2D,rs7944584,MADD/rs7944584,TT,0,91.4,10.3,0
T2D,rs7944584,MADD/rs7944584,AT,1.01,92.9,10.1,0.32
T2D,rs7944584,MADD/rs7944584,AA,2.02,92.3,9.7,0.65
T2D,rs10885122,ADRA2A/rs10885122,TT,0,98.1,11,0
T2D,rs10885122,ADRA2A/rs10885122,GT,1.04,91.6,9.5,0.48
T2D,rs10885122,ADRA2A/rs10885122,GG,2.08,92.7,10.1,0.97
T2D,rs174550,FADS1/rs174550,CC,0,93.4,10.6,0
T2D,rs174550,FADS1/rs174550,CT,1.04,92.7,10.1,0.32
T2D,rs174550,FADS1/rs174550,TT,2.08,92.2,9.8,0.65
T2D,rs11605924,CRY2/rs11605924,CC,0,91.8,10.2,0
T2D,rs11605924,CRY2/rs11605924,AC,1.04,92.3,10.2,0.32
T2D,rs11605924,CRY2/rs11605924,AA,2.08,93.8,9.1,0.65
T2D,rs11920090,SLC2A2/rs11920090,AA,0,92.2,10.5,0
T2D,rs11920090,SLC2A2/rs11920090,AT,1.01,91.8,9.7,0.4
T2D,rs11920090,SLC2A2/rs11920090,TT,2.02,92.9,9.8,0.81
T2D,rs7034200,GLIS3/rs7034200,CC,0,91.6,9.7,0
T2D,rs7034200,GLIS3/rs7034200,AC,1.03,92.9,10.2,0.32
T2D,rs7034200,GLIS3/rs7034200,AA,2.06,92.9,10.1,0.65
T2D,rs340874,PROX1/rs340874,TT,0,91.4,9.7,0
T2D,rs340874,PROX1/rs340874,CT,1.07,93,9.9,0.32
T2D,rs340874,PROX1/rs340874,CC,2.14,92.7,10.4,0.65
T2D,rs11071657,FAM148B/rs11071657,GG,0,91.4,9.1,0
T2D,rs11071657,FAM148B/rs11071657,AG,1.03,92.3,9.8,0.32
T2D,rs11071657,FAM148B/rs11071657,AA,2.06,93.1,10.2,0.65
T2D,rs13266634,SLC30A8/rs13266634,TT,0,91.4,9.1,
T2D,rs13266634,SLC30A8/rs13266634,CT,1.15,92.3,9.8,
T2D,rs13266634,SLC30A8/rs13266634,CC,2.3,93.1,10.2,
T2D,rs7903146,TCF7L2/rs7903146,CC,0,91.4,9.1,
T2D,rs7903146,TCF7L2/rs7903146,CT,1.4,92.3,9.8,
T2D,rs7903146,TCF7L2/rs7903146,TT,2.8,93.1,10.2,
T2D,rs35767,IGF1/rs35767,AA,0,91.4,9.1,
T2D,rs35767,IGF1/rs35767,AG,1.04,92.3,9.8,
T2D,rs35767,IGF1/rs35767,GG,2.08,93.1,10.2,
